<?xml version="1.0" encoding="utf-8"?>
<bwFrame xmlns:xsi="http://www.w3.org/2001/XMLSchema-instance" xmlns:xsd="http://www.w3.org/2001/XMLSchema" default_layout="npnxnanbnsnfns00001100101" textdirection="ltr" device="false" fontscale="100" kbshortcuts="false" skip_nav_enabled="true" chromeless="false" outputtype="undefined" theme="classic">
  <layouts>
    <layout name="npnxnanbsnfns00001100101" font="Open Sans" controllayout="npnxnanbsnfns00001100101" colorscheme="npnxnanbnsnfns00001100101" string_table="npnxnanbnsnfns00001100101" />
    <layout name="pxabnsnfns00001100101" font="Open Sans" controllayout="pxabnsnfns00001100101" colorscheme="npnxnanbnsnfns00001100101" string_table="npnxnanbnsnfns00001100101" />
    <layout name="npxnabnsnfns00001100101" font="Open Sans" controllayout="npxnabnsnfns00001100101" colorscheme="npnxnanbnsnfns00001100101" string_table="npnxnanbnsnfns00001100101" />
    <layout name="npnxnanbnsnfns00001100101" font="Open Sans" controllayout="npnxnanbnsnfns00001100101" colorscheme="npnxnanbnsnfns00001100101" string_table="npnxnanbnsnfns00001100101" />
    <layout name="pxabnsnfns00001100100" font="Open Sans" controllayout="pxabnsnfns00001100100" colorscheme="npnxnanbnsnfns00001100101" string_table="npnxnanbnsnfns00001100101" />
    <layout name="npnxnanbnsnfns00000000101" font="Open Sans" controllayout="npnxnanbnsnfns00000000101" colorscheme="npnxnanbnsnfns00001100101" string_table="npnxnanbnsnfns00001100101" />
    <layout name="npnxnanbnsnfns10110000101" font="Open Sans" controllayout="npnxnanbnsnfns10110000101" colorscheme="npnxnanbnsnfns00001100101" string_table="npnxnanbnsnfns00001100101" />
    <layout name="npnxnanbnsnfns10111100101" font="Open Sans" controllayout="npnxnanbnsnfns10111100101" colorscheme="npnxnanbnsnfns00001100101" string_table="npnxnanbnsnfns00001100101" />
    <layout name="npnxnanbnsnfns10111101101" font="Open Sans" controllayout="npnxnanbnsnfns10111101101" colorscheme="npnxnanbnsnfns00001100101" string_table="npnxnanbnsnfns00001100101" />
    <layout name="pxabnsnfns00000000101" font="Open Sans" controllayout="pxabnsnfns00000000101" colorscheme="npnxnanbnsnfns00001100101" string_table="npnxnanbnsnfns00001100101" />
  </layouts>
  <control_options>
    <optiongroups>
      <optiongroup name="sidebaroptions">
        <options>
          <option name="title_enabled" value="false">
            <options>
              <option name="title_text" value="DEAL Grundlagen" />
            </options>
          </option>
          <option name="logo_enabled" value="false">
            <options />
          </option>
          <option name="sidebar_enabled" value="false">
            <options>
              <option name="sidebarpos" value="left" />
              <option name="closed" value="false" />
            </options>
          </option>
          <optionlist name="tabs">
            <listitems>
              <listitem name="resources" value="true" group="linkright" />
              <listitem name="outline" value="true" group="linkright" />
              <listitem name="transcript" value="true" group="linkright" />
              <listitem name="glossary" value="false" group="sidebar" />
            </listitems>
          </optionlist>
          <option name="time_enabled" value="false">
            <options>
              <option name="time_format" value="elapsed" />
            </options>
          </option>
          <option name="video_enabled" value="false">
            <options>
              <option name="height" value="135" />
            </options>
          </option>
        </options>
      </optiongroup>
      <optiongroup name="menuoptions">
        <options>
          <option name="flow" value="free" />
          <option name="wraplistitems" value="true" />
          <option name="tooltips" value="true" />
          <option name="autocollapse" value="true" />
          <option name="autonumber" value="true" />
          <option name="enableresultsicons" value="true" />
        </options>
      </optiongroup>
      <optiongroup name="controls">
        <options>
          <option name="volume" value="true" />
          <option name="seekbar" value="false">
            <options>
              <option name="readonly" value="false" />
              <option name="readonlyOnce" value="false" />
            </options>
          </option>
          <option name="pauseplay" value="false" />
          <option name="replay" value="false" />
          <option name="search" value="false" />
          <option name="closed_captions" value="false">
            <options>
              <option name="font" value="Open Sans" />
            </options>
          </option>
        </options>
      </optiongroup>
      <optiongroup name="bottombaroptions">
        <options>
          <option name="bottombar_enabled" value="true" />
        </options>
      </optiongroup>
    </optiongroups>
  </control_options>
  <control_layouts>
    <control_layout name="npnxnanbsnfns00001100101">
      <control name="volume" enabled="true" />
      <control name="seekbar" enabled="false" />
      <control name="replay" enabled="false" />
      <control name="pauseplay" enabled="false" />
      <control name="logo" enabled="false" />
      <control name="previous" enabled="false" />
      <control name="next" enabled="false" />
      <control name="swipeleft" enabled="false" />
      <control name="swiperight" enabled="false" />
      <control name="submit" enabled="true" />
      <control name="finish" enabled="false" />
      <control name="submitall" enabled="false" />
      <control name="resources" enabled="true" />
      <control name="glossary" enabled="false" />
      <control name="transcript" enabled="false" />
      <control name="outline" enabled="true">
        <controls>
          <control name="search" enabled="false" />
        </controls>
      </control>
      <control name="close_btn" enabled="true" />
    </control_layout>
    <control_layout name="pxabnsnfns00001100101">
      <control name="volume" enabled="true" />
      <control name="seekbar" enabled="false" />
      <control name="replay" enabled="false" />
      <control name="pauseplay" enabled="false" />
      <control name="logo" enabled="false" />
      <control name="previous" enabled="true" />
      <control name="next" enabled="true" />
      <control name="swipeleft" enabled="true" />
      <control name="swiperight" enabled="true" />
      <control name="submit" enabled="false" />
      <control name="finish" enabled="false" />
      <control name="submitall" enabled="false" />
      <control name="resources" enabled="true" />
      <control name="glossary" enabled="false" />
      <control name="transcript" enabled="false" />
      <control name="outline" enabled="true">
        <controls>
          <control name="search" enabled="false" />
        </controls>
      </control>
      <control name="close_btn" enabled="true" />
    </control_layout>
    <control_layout name="npxnabnsnfns00001100101">
      <control name="volume" enabled="true" />
      <control name="seekbar" enabled="false" />
      <control name="replay" enabled="false" />
      <control name="pauseplay" enabled="false" />
      <control name="logo" enabled="false" />
      <control name="previous" enabled="false" />
      <control name="next" enabled="true" />
      <control name="swipeleft" enabled="false" />
      <control name="swiperight" enabled="true" />
      <control name="submit" enabled="false" />
      <control name="finish" enabled="false" />
      <control name="submitall" enabled="false" />
      <control name="resources" enabled="true" />
      <control name="glossary" enabled="false" />
      <control name="transcript" enabled="false" />
      <control name="outline" enabled="true">
        <controls>
          <control name="search" enabled="false" />
        </controls>
      </control>
      <control name="close_btn" enabled="true" />
    </control_layout>
    <control_layout name="npnxnanbnsnfns00001100101">
      <control name="volume" enabled="true" />
      <control name="seekbar" enabled="false" />
      <control name="replay" enabled="false" />
      <control name="pauseplay" enabled="false" />
      <control name="logo" enabled="false" />
      <control name="previous" enabled="false" />
      <control name="next" enabled="false" />
      <control name="swipeleft" enabled="false" />
      <control name="swiperight" enabled="false" />
      <control name="submit" enabled="false" />
      <control name="finish" enabled="false" />
      <control name="submitall" enabled="false" />
      <control name="resources" enabled="true" />
      <control name="glossary" enabled="false" />
      <control name="transcript" enabled="false" />
      <control name="outline" enabled="true">
        <controls>
          <control name="search" enabled="false" />
        </controls>
      </control>
      <control name="close_btn" enabled="true" />
    </control_layout>
    <control_layout name="pxabnsnfns00001100100">
      <control name="volume" enabled="true" />
      <control name="seekbar" enabled="false" />
      <control name="replay" enabled="false" />
      <control name="pauseplay" enabled="false" />
      <control name="logo" enabled="false" />
      <control name="previous" enabled="true" />
      <control name="next" enabled="true" />
      <control name="swipeleft" enabled="true" />
      <control name="swiperight" enabled="true" />
      <control name="submit" enabled="false" />
      <control name="finish" enabled="false" />
      <control name="submitall" enabled="false" />
      <control name="resources" enabled="true" />
      <control name="glossary" enabled="false" />
      <control name="transcript" enabled="false" />
      <control name="outline" enabled="true">
        <controls>
          <control name="search" enabled="false" />
        </controls>
      </control>
      <control name="close_btn" enabled="false" />
    </control_layout>
    <control_layout name="npnxnanbnsnfns00000000101">
      <control name="volume" enabled="true" />
      <control name="seekbar" enabled="false" />
      <control name="replay" enabled="false" />
      <control name="pauseplay" enabled="false" />
      <control name="logo" enabled="false" />
      <control name="previous" enabled="false" />
      <control name="next" enabled="false" />
      <control name="swipeleft" enabled="false" />
      <control name="swiperight" enabled="false" />
      <control name="submit" enabled="false" />
      <control name="finish" enabled="false" />
      <control name="submitall" enabled="false" />
      <control name="resources" enabled="false" />
      <control name="glossary" enabled="false" />
      <control name="transcript" enabled="false" />
      <control name="outline" enabled="false">
        <controls>
          <control name="search" enabled="false" />
        </controls>
      </control>
      <control name="close_btn" enabled="true" />
    </control_layout>
    <control_layout name="npnxnanbnsnfns10110000101">
      <control name="volume" enabled="true" />
      <control name="seekbar" enabled="true" />
      <control name="replay" enabled="true" />
      <control name="pauseplay" enabled="true" />
      <control name="logo" enabled="false" />
      <control name="previous" enabled="false" />
      <control name="next" enabled="false" />
      <control name="swipeleft" enabled="false" />
      <control name="swiperight" enabled="false" />
      <control name="submit" enabled="false" />
      <control name="finish" enabled="false" />
      <control name="submitall" enabled="false" />
      <control name="resources" enabled="false" />
      <control name="glossary" enabled="false" />
      <control name="transcript" enabled="false" />
      <control name="outline" enabled="false">
        <controls>
          <control name="search" enabled="false" />
        </controls>
      </control>
      <control name="close_btn" enabled="true" />
    </control_layout>
    <control_layout name="npnxnanbnsnfns10111100101">
      <control name="volume" enabled="true" />
      <control name="seekbar" enabled="true" />
      <control name="replay" enabled="true" />
      <control name="pauseplay" enabled="true" />
      <control name="logo" enabled="false" />
      <control name="previous" enabled="false" />
      <control name="next" enabled="false" />
      <control name="swipeleft" enabled="false" />
      <control name="swiperight" enabled="false" />
      <control name="submit" enabled="false" />
      <control name="finish" enabled="false" />
      <control name="submitall" enabled="false" />
      <control name="resources" enabled="true" />
      <control name="glossary" enabled="false" />
      <control name="transcript" enabled="false" />
      <control name="outline" enabled="true">
        <controls>
          <control name="search" enabled="false" />
        </controls>
      </control>
      <control name="close_btn" enabled="true" />
    </control_layout>
    <control_layout name="npnxnanbnsnfns10111101101">
      <control name="volume" enabled="true" />
      <control name="seekbar" enabled="true" />
      <control name="replay" enabled="true" />
      <control name="pauseplay" enabled="true" />
      <control name="logo" enabled="false" />
      <control name="previous" enabled="false" />
      <control name="next" enabled="false" />
      <control name="swipeleft" enabled="false" />
      <control name="swiperight" enabled="false" />
      <control name="submit" enabled="false" />
      <control name="finish" enabled="false" />
      <control name="submitall" enabled="false" />
      <control name="resources" enabled="true" />
      <control name="glossary" enabled="false" />
      <control name="transcript" enabled="true" />
      <control name="outline" enabled="true">
        <controls>
          <control name="search" enabled="false" />
        </controls>
      </control>
      <control name="close_btn" enabled="true" />
    </control_layout>
    <control_layout name="pxabnsnfns00000000101">
      <control name="volume" enabled="true" />
      <control name="seekbar" enabled="false" />
      <control name="replay" enabled="false" />
      <control name="pauseplay" enabled="false" />
      <control name="logo" enabled="false" />
      <control name="previous" enabled="true" />
      <control name="next" enabled="true" />
      <control name="swipeleft" enabled="true" />
      <control name="swiperight" enabled="true" />
      <control name="submit" enabled="false" />
      <control name="finish" enabled="false" />
      <control name="submitall" enabled="false" />
      <control name="resources" enabled="false" />
      <control name="glossary" enabled="false" />
      <control name="transcript" enabled="false" />
      <control name="outline" enabled="false">
        <controls>
          <control name="search" enabled="false" />
        </controls>
      </control>
      <control name="close_btn" enabled="true" />
    </control_layout>
  </control_layouts>
  <colorschemes>
    <colorscheme name="npnxnanbnsnfns00001100101">
      <color_group name="infopanel">
        <group_colors>
          <color name="link_text">
            <fill type="linear" rotation="90">
              <colors>
                <color rgb="0x7C2280" alpha="100" stop="0" />
              </colors>
            </fill>
          </color>
          <color name="link_hover">
            <fill type="linear" rotation="90">
              <colors>
                <color rgb="0x0000EE" alpha="100" stop="0" />
              </colors>
            </fill>
          </color>
          <color name="shadow">
            <fill type="linear" rotation="90">
              <colors>
                <color rgb="0x000000" alpha="100" stop="0" />
              </colors>
            </fill>
          </color>
          <color name="bg">
            <fill type="linear" rotation="90">
              <colors>
                <color rgb="0xFFFFFF" alpha="100" stop="0" />
              </colors>
            </fill>
          </color>
          <color name="name_text">
            <fill type="linear" rotation="90">
              <colors>
                <color rgb="0x444444" alpha="100" stop="0" />
              </colors>
            </fill>
          </color>
          <color name="title_text">
            <fill type="linear" rotation="90">
              <colors>
                <color rgb="0x999999" alpha="100" stop="0" />
              </colors>
            </fill>
          </color>
        </group_colors>
      </color_group>
      <color_group name="infopanelpopup">
        <group_colors>
          <color name="link_text">
            <fill type="linear" rotation="90">
              <colors>
                <color rgb="0xFFFFFF" alpha="100" stop="0" />
              </colors>
            </fill>
          </color>
          <color name="link_hover">
            <fill type="linear" rotation="90">
              <colors>
                <color rgb="0x757575" alpha="100" stop="0" />
              </colors>
            </fill>
          </color>
          <color name="bg">
            <fill type="linear" rotation="90">
              <colors>
                <color rgb="0x1D1D1D" alpha="100" stop="0" />
                <color rgb="0x0B0B0B" alpha="100" stop="255" />
              </colors>
            </fill>
          </color>
          <color name="shadow">
            <fill type="linear" rotation="90">
              <colors>
                <color rgb="0x000000" alpha="100" stop="0" />
              </colors>
            </fill>
          </color>
          <color name="name_text">
            <fill type="linear" rotation="90">
              <colors>
                <color rgb="0x727272" alpha="100" stop="0" />
              </colors>
            </fill>
          </color>
          <color name="bio_text">
            <fill type="linear" rotation="90">
              <colors>
                <color rgb="0xFFFFFF" alpha="100" stop="0" />
              </colors>
            </fill>
          </color>
        </group_colors>
      </color_group>
      <color_group name="timer">
        <group_colors>
          <color name="duration">
            <fill type="linear" rotation="90">
              <colors>
                <color rgb="0x00D7FF" alpha="100" stop="0" />
                <color rgb="0x00ABFF" alpha="100" stop="255" />
              </colors>
            </fill>
          </color>
          <color name="elapsed">
            <fill type="linear" rotation="90">
              <colors>
                <color rgb="0xFEE347" alpha="100" stop="0" />
                <color rgb="0xFCCC2A" alpha="100" stop="255" />
              </colors>
            </fill>
          </color>
          <color name="stroke">
            <fill type="linear" rotation="90">
              <colors>
                <color rgb="0xFFFFFF" alpha="100" stop="0" />
              </colors>
            </fill>
          </color>
          <color name="inner">
            <fill type="linear" rotation="90">
              <colors>
                <color rgb="0xCCCCCC" alpha="100" stop="0" />
              </colors>
            </fill>
          </color>
          <color name="text">
            <fill type="linear" rotation="90">
              <colors>
                <color rgb="0xFFFFFF" alpha="100" stop="0" />
              </colors>
            </fill>
          </color>
        </group_colors>
      </color_group>
      <color_group name="window">
        <group_colors>
          <color name="text">
            <fill type="linear" rotation="90">
              <colors>
                <color rgb="0xFFFFFF" alpha="100" stop="0" />
              </colors>
            </fill>
          </color>
          <color name="inner">
            <fill type="linear" rotation="90">
              <colors>
                <color rgb="0x1D1D1D" alpha="100" stop="0" />
                <color rgb="0x0B0B0B" alpha="100" stop="255" />
              </colors>
            </fill>
          </color>
          <color name="bg">
            <fill type="linear" rotation="90">
              <colors>
                <color rgb="0x2A2A2A" alpha="100" stop="0" />
              </colors>
            </fill>
          </color>
          <color name="diva">
            <fill type="linear" rotation="90">
              <colors>
                <color rgb="0x313131" alpha="100" stop="0" />
              </colors>
            </fill>
          </color>
          <color name="divb">
            <fill type="linear" rotation="90">
              <colors>
                <color rgb="0x0E0E0E" alpha="100" stop="0" />
              </colors>
            </fill>
          </color>
          <color name="shadow">
            <fill type="linear" rotation="90">
              <colors>
                <color rgb="0x000000" alpha="20" stop="0" />
              </colors>
            </fill>
          </color>
        </group_colors>
      </color_group>
      <color_group name="editor">
        <group_colors>
          <color name="slide_text">
            <fill type="linear" rotation="90">
              <colors>
                <color rgb="0xFFFFFF" alpha="100" stop="0" />
              </colors>
            </fill>
          </color>
          <color name="html_text">
            <fill type="linear" rotation="90">
              <colors>
                <color rgb="0xFFFFFF" alpha="100" stop="0" />
              </colors>
            </fill>
          </color>
          <color name="btn_text_shadow">
            <fill type="linear" rotation="90">
              <colors>
                <color rgb="0x000000" alpha="100" stop="0" />
              </colors>
            </fill>
          </color>
          <color name="btn_text">
            <fill type="linear" rotation="90">
              <colors>
                <color rgb="0xFFFFFF" alpha="100" stop="0" />
              </colors>
            </fill>
          </color>
          <color name="btn_border">
            <fill type="linear" rotation="90">
              <colors>
                <color rgb="0x030303" alpha="100" stop="0" />
              </colors>
            </fill>
          </color>
          <color name="btn_hover">
            <fill type="linear" rotation="90">
              <colors>
                <color rgb="0x3A3A3A" alpha="100" stop="0" />
                <color rgb="0x0C0C0C" alpha="100" stop="255" />
              </colors>
            </fill>
          </color>
          <color name="btn_down">
            <fill type="linear" rotation="90">
              <colors>
                <color rgb="0x141414" alpha="100" stop="0" />
                <color rgb="0x323232" alpha="100" stop="255" />
              </colors>
            </fill>
          </color>
          <color name="btn_bg">
            <fill type="linear" rotation="90">
              <colors>
                <color rgb="0x333333" alpha="100" stop="0" />
                <color rgb="0x141414" alpha="100" stop="255" />
              </colors>
            </fill>
          </color>
        </group_colors>
      </color_group>
      <color_group name="listitem">
        <group_colors>
          <color name="selected_text">
            <fill type="linear" rotation="90">
              <colors>
                <color rgb="0xFFFFFF" alpha="100" stop="0" />
              </colors>
            </fill>
          </color>
          <color name="shadow">
            <fill type="linear" rotation="90">
              <colors>
                <color rgb="0x000000" alpha="100" stop="0" />
              </colors>
            </fill>
          </color>
          <color name="selected">
            <fill type="linear" rotation="90">
              <colors>
                <color rgb="0x3F3F3F" alpha="100" stop="0" />
              </colors>
            </fill>
          </color>
          <color name="text">
            <fill type="linear" rotation="90">
              <colors>
                <color rgb="0xFFFFFF" alpha="100" stop="0" />
              </colors>
            </fill>
          </color>
          <color name="viewed">
            <fill type="linear" rotation="90">
              <colors>
                <color rgb="0x878787" alpha="100" stop="0" />
              </colors>
            </fill>
          </color>
          <color name="hover">
            <fill type="linear" rotation="90">
              <colors>
                <color rgb="0x313131" alpha="100" stop="0" />
              </colors>
            </fill>
          </color>
          <color name="lines">
            <fill type="linear" rotation="90">
              <colors>
                <color rgb="0x343434" alpha="100" stop="0" />
              </colors>
            </fill>
          </color>
        </group_colors>
      </color_group>
      <color_group name="glossary">
        <group_colors>
          <color name="selected_text">
            <fill type="linear" rotation="90">
              <colors>
                <color rgb="0xFFFFFF" alpha="100" stop="0" />
              </colors>
            </fill>
          </color>
          <color name="selected">
            <fill type="linear" rotation="90">
              <colors>
                <color rgb="0x3F3F3F" alpha="100" stop="0" />
              </colors>
            </fill>
          </color>
          <color name="text">
            <fill type="linear" rotation="90">
              <colors>
                <color rgb="0xFFFFFF" alpha="100" stop="0" />
              </colors>
            </fill>
          </color>
          <color name="hover">
            <fill type="linear" rotation="90">
              <colors>
                <color rgb="0x1C1C1C" alpha="100" stop="0" />
              </colors>
            </fill>
          </color>
          <color name="heading_text">
            <fill type="linear" rotation="90">
              <colors>
                <color rgb="0xFFFFFF" alpha="100" stop="0" />
              </colors>
            </fill>
          </color>
          <color name="diva">
            <fill type="linear" rotation="90">
              <colors>
                <color rgb="0x3D3D3D" alpha="100" stop="0" />
              </colors>
            </fill>
          </color>
          <color name="divb">
            <fill type="linear" rotation="90">
              <colors>
                <color rgb="0x202020" alpha="100" stop="0" />
              </colors>
            </fill>
          </color>
          <color name="divc">
            <fill type="linear" rotation="90">
              <colors>
                <color rgb="0x3D3D3D" alpha="100" stop="0" />
              </colors>
            </fill>
          </color>
          <color name="bg">
            <fill type="linear" rotation="90">
              <colors>
                <color rgb="0x333333" alpha="100" stop="0" />
              </colors>
            </fill>
          </color>
        </group_colors>
      </color_group>
      <color_group name="resource">
        <group_colors>
          <color name="separator">
            <fill type="linear" rotation="90">
              <colors>
                <color rgb="0x2C2C2C" alpha="100" stop="0" />
              </colors>
            </fill>
          </color>
        </group_colors>
      </color_group>
      <color_group name="outline">
        <group_colors>
          <color name="search_hover">
            <fill type="linear" rotation="90">
              <colors>
                <color rgb="0x757575" alpha="100" stop="0" />
              </colors>
            </fill>
          </color>
          <color name="search_text">
            <fill type="linear" rotation="90">
              <colors>
                <color rgb="0xFFFFFF" alpha="100" stop="0" />
              </colors>
            </fill>
          </color>
          <color name="divc">
            <fill type="linear" rotation="90">
              <colors>
                <color rgb="0x343434" alpha="100" stop="0" />
              </colors>
            </fill>
          </color>
          <color name="divb">
            <fill type="linear" rotation="90">
              <colors>
                <color rgb="0x363636" alpha="100" stop="0" />
              </colors>
            </fill>
          </color>
          <color name="diva">
            <fill type="linear" rotation="90">
              <colors>
                <color rgb="0x1C1C1C" alpha="100" stop="0" />
              </colors>
            </fill>
          </color>
        </group_colors>
      </color_group>
      <color_group name="transcript">
        <group_colors>
          <color name="heading_text">
            <fill type="linear" rotation="90">
              <colors>
                <color rgb="0x252525" alpha="100" stop="0" />
              </colors>
            </fill>
          </color>
          <color name="div">
            <fill type="linear" rotation="90">
              <colors>
                <color rgb="0x2C2C2C" alpha="100" stop="0" />
              </colors>
            </fill>
          </color>
        </group_colors>
      </color_group>
      <color_group name="tabs">
        <group_colors>
          <color name="shadow">
            <fill type="linear" rotation="90">
              <colors>
                <color rgb="0x000000" alpha="100" stop="0" />
              </colors>
            </fill>
          </color>
          <color name="hover">
            <fill type="linear" rotation="90">
              <colors>
                <color rgb="0x525454" alpha="100" stop="0" />
              </colors>
            </fill>
          </color>
          <color name="selected">
            <fill type="linear" rotation="90">
              <colors>
                <color rgb="0xFFFFFF" alpha="100" stop="0" />
              </colors>
            </fill>
          </color>
          <color name="text">
            <fill type="linear" rotation="90">
              <colors>
                <color rgb="0x727272" alpha="100" stop="0" />
              </colors>
            </fill>
          </color>
          <color name="bg">
            <fill type="linear" rotation="90">
              <colors>
                <color rgb="0x242424" alpha="100" stop="0" />
              </colors>
            </fill>
          </color>
        </group_colors>
      </color_group>
      <color_group name="seekcontrol">
        <group_colors>
          <color name="btn_icon_hover">
            <fill type="linear" rotation="90">
              <colors>
                <color rgb="0xFFFFFF" alpha="100" stop="0" />
              </colors>
            </fill>
          </color>
          <color name="btn_icon_shadow">
            <fill type="linear" rotation="90">
              <colors>
                <color rgb="0x000000" alpha="100" stop="0" />
              </colors>
            </fill>
          </color>
          <color name="btn_icon_color">
            <fill type="linear" rotation="90">
              <colors>
                <color rgb="0xFFFFFF" alpha="100" stop="0" />
              </colors>
            </fill>
          </color>
          <color name="seek_position">
            <fill type="linear" rotation="90">
              <colors>
                <color rgb="0xFFFFFF" alpha="100" stop="0" />
              </colors>
            </fill>
          </color>
          <color name="seek_bg">
            <fill type="linear" rotation="90">
              <colors>
                <color rgb="0x222222" alpha="100" stop="0" />
              </colors>
            </fill>
          </color>
          <color name="seek_border">
            <fill type="linear" rotation="90">
              <colors>
                <color rgb="0x1A1A1A" alpha="100" stop="0" />
                <color rgb="0x313131" alpha="100" stop="255" />
              </colors>
            </fill>
          </color>
          <color name="border">
            <fill type="linear" rotation="90">
              <colors>
                <color rgb="0x030303" alpha="100" stop="0" />
              </colors>
            </fill>
          </color>
          <color name="bg">
            <fill type="linear" rotation="90">
              <colors>
                <color rgb="0x333333" alpha="100" stop="0" />
                <color rgb="0x141414" alpha="100" stop="255" />
              </colors>
            </fill>
          </color>
        </group_colors>
      </color_group>
      <color_group name="searchinput">
        <group_colors>
          <color name="text_active">
            <fill type="linear" rotation="90">
              <colors>
                <color rgb="0x2D2D2D" alpha="100" stop="0" />
              </colors>
            </fill>
          </color>
          <color name="bg_active">
            <fill type="linear" rotation="90">
              <colors>
                <color rgb="0xFFFFFF" alpha="100" stop="0" />
              </colors>
            </fill>
          </color>
          <color name="search_text">
            <fill type="linear" rotation="90">
              <colors>
                <color rgb="0x2D2D2D" alpha="100" stop="0" />
              </colors>
            </fill>
          </color>
          <color name="hover_glow">
            <fill type="linear" rotation="90">
              <colors>
                <color rgb="0xEB9471" alpha="0" stop="0" />
              </colors>
            </fill>
          </color>
          <color name="button_hover">
            <fill type="linear" rotation="90">
              <colors>
                <color rgb="0x3A3A3A" alpha="100" stop="0" />
                <color rgb="0x0C0C0C" alpha="100" stop="255" />
              </colors>
            </fill>
          </color>
          <color name="icon">
            <fill type="linear" rotation="90">
              <colors>
                <color rgb="0xFFFFFF" alpha="100" stop="0" />
              </colors>
            </fill>
          </color>
          <color name="border">
            <fill type="linear" rotation="90">
              <colors>
                <color rgb="0x202020" alpha="100" stop="0" />
                <color rgb="0x161616" alpha="100" stop="255" />
              </colors>
            </fill>
          </color>
          <color name="bg">
            <fill type="linear" rotation="90">
              <colors>
                <color rgb="0xFFFFFF" alpha="100" stop="0" />
              </colors>
            </fill>
          </color>
        </group_colors>
      </color_group>
      <color_group name="scrollarea">
        <group_colors>
          <color name="detailb">
            <fill type="linear" rotation="90">
              <colors>
                <color rgb="0x1C1C1C" alpha="100" stop="0" />
              </colors>
            </fill>
          </color>
          <color name="detaila">
            <fill type="linear" rotation="90">
              <colors>
                <color rgb="0x595959" alpha="100" stop="0" />
              </colors>
            </fill>
          </color>
          <color name="shadow">
            <fill type="linear" rotation="90">
              <colors>
                <color rgb="0x1C1C1C" alpha="100" stop="0" />
              </colors>
            </fill>
          </color>
          <color name="icons">
            <fill type="linear" rotation="90">
              <colors>
                <color rgb="0xFFFFFF" alpha="100" stop="0" />
              </colors>
            </fill>
          </color>
          <color name="button_border">
            <fill type="linear" rotation="90">
              <colors>
                <color rgb="0x1C1C1C" alpha="100" stop="0" />
              </colors>
            </fill>
          </color>
          <color name="button_inner">
            <fill type="linear" rotation="90">
              <colors>
                <color rgb="0x5A5A5A" alpha="100" stop="0" />
                <color rgb="0x4A4A4A" alpha="100" stop="255" />
              </colors>
            </fill>
          </color>
          <color name="button_bg">
            <fill type="linear" rotation="90">
              <colors>
                <color rgb="0x4B4B4B" alpha="100" stop="0" />
                <color rgb="0x3C3C3C" alpha="100" stop="255" />
              </colors>
            </fill>
          </color>
          <color name="border">
            <fill type="linear" rotation="90">
              <colors>
                <color rgb="0x494949" alpha="100" stop="0" />
                <color rgb="0x494949" alpha="100" stop="255" />
              </colors>
            </fill>
          </color>
          <color name="bg">
            <fill type="linear" rotation="0">
              <colors>
                <color rgb="0x313131" alpha="100" stop="0" />
                <color rgb="0x363636" alpha="100" stop="128" />
              </colors>
            </fill>
          </color>
        </group_colors>
      </color_group>
      <color_group name="menu">
        <group_colors>
          <color name="shadow">
            <fill type="linear" rotation="90">
              <colors>
                <color rgb="0x0E0E0E" alpha="100" stop="0" />
              </colors>
            </fill>
          </color>
          <color name="bg">
            <fill type="linear" rotation="90">
              <colors>
                <color rgb="0x242424" alpha="100" stop="0" />
              </colors>
            </fill>
          </color>
        </group_colors>
      </color_group>
      <color_group name="logo">
        <group_colors>
          <color name="shadow">
            <fill type="linear" rotation="90">
              <colors>
                <color rgb="0x000000" alpha="100" stop="0" />
              </colors>
            </fill>
          </color>
          <color name="bg">
            <fill type="linear" rotation="90">
              <colors>
                <color rgb="0xFFFFFF" alpha="100" stop="0" />
              </colors>
            </fill>
          </color>
        </group_colors>
      </color_group>
      <color_group name="checkbox">
        <group_colors>
          <color name="hover">
            <fill type="linear" rotation="90">
              <colors>
                <color rgb="0x9C9C9C" alpha="100" stop="0" />
              </colors>
            </fill>
          </color>
          <color name="text">
            <fill type="linear" rotation="90">
              <colors>
                <color rgb="0xFFFFFF" alpha="100" stop="0" />
              </colors>
            </fill>
          </color>
          <color name="check">
            <fill type="linear" rotation="90">
              <colors>
                <color rgb="0x2BC400" alpha="100" stop="0" />
              </colors>
            </fill>
          </color>
          <color name="bg">
            <fill type="linear" rotation="90">
              <colors>
                <color rgb="0xFFFFFF" alpha="100" stop="0" />
              </colors>
            </fill>
          </color>
          <color name="border">
            <fill type="linear" rotation="90">
              <colors>
                <color rgb="0x161616" alpha="100" stop="0" />
              </colors>
            </fill>
          </color>
        </group_colors>
      </color_group>
      <color_group name="button">
        <group_colors>
          <color name="btn_icon_color">
            <fill type="linear" rotation="90">
              <colors>
                <color rgb="0xFFFFFF" alpha="100" stop="0" />
              </colors>
            </fill>
          </color>
          <color name="btn_text_shadow">
            <fill type="linear" rotation="90">
              <colors>
                <color rgb="0x000000" alpha="100" stop="0" />
              </colors>
            </fill>
          </color>
          <color name="btn_text">
            <fill type="linear" rotation="90">
              <colors>
                <color rgb="0xFFFFFF" alpha="100" stop="0" />
              </colors>
            </fill>
          </color>
          <color name="btn_border">
            <fill type="linear" rotation="90">
              <colors>
                <color rgb="0x030303" alpha="100" stop="0" />
              </colors>
            </fill>
          </color>
          <color name="btn_hover">
            <fill type="linear" rotation="90">
              <colors>
                <color rgb="0x3A3A3A" alpha="100" stop="0" />
                <color rgb="0x0C0C0C" alpha="100" stop="255" />
              </colors>
            </fill>
          </color>
          <color name="btn_down">
            <fill type="linear" rotation="90">
              <colors>
                <color rgb="0x141414" alpha="100" stop="0" />
                <color rgb="0x323232" alpha="100" stop="255" />
              </colors>
            </fill>
          </color>
          <color name="btn_bg">
            <fill type="linear" rotation="90">
              <colors>
                <color rgb="0x333333" alpha="100" stop="0" />
                <color rgb="0x141414" alpha="100" stop="255" />
              </colors>
            </fill>
          </color>
          <color name="btn_glow">
            <fill type="linear" rotation="90">
              <colors>
                <color rgb="0x252525" alpha="100" stop="0" />
              </colors>
            </fill>
          </color>
        </group_colors>
      </color_group>
      <color_group name="base">
        <group_colors>
          <color name="text">
            <fill type="linear" rotation="90">
              <colors>
                <color rgb="0xFFFFFF" alpha="100" stop="0" />
              </colors>
            </fill>
          </color>
          <color name="diva">
            <fill type="linear" rotation="90">
              <colors>
                <color rgb="0x0E0E0E" alpha="100" stop="0" />
              </colors>
            </fill>
          </color>
          <color name="divb">
            <fill type="linear" rotation="90">
              <colors>
                <color rgb="0x313131" alpha="100" stop="0" />
              </colors>
            </fill>
          </color>
          <color name="menu_shade">
            <fill type="linear" rotation="90">
              <colors>
                <color rgb="0x1B1B1B" alpha="100" stop="0" />
                <color rgb="0x0A0A0A" alpha="100" stop="255" />
              </colors>
            </fill>
          </color>
          <color name="border">
            <fill type="linear" rotation="90">
              <colors>
                <color rgb="0x292929" alpha="100" stop="0" />
                <color rgb="0x292929" alpha="100" stop="255" />
              </colors>
            </fill>
          </color>
          <color name="bg">
            <fill type="linear" rotation="90">
              <colors>
                <color rgb="0x1D1D1D" alpha="100" stop="0" />
                <color rgb="0x0B0B0B" alpha="100" stop="255" />
              </colors>
            </fill>
          </color>
          <color name="slide_bg">
            <fill type="linear" rotation="90">
              <colors>
                <color rgb="0x1D1D1D" alpha="100" stop="0" />
                <color rgb="0x0B0B0B" alpha="100" stop="255" />
              </colors>
            </fill>
          </color>
        </group_colors>
      </color_group>
      <color_group name="volume">
        <group_colors>
          <color name="thumb_border">
            <fill type="linear" rotation="90">
              <colors>
                <color rgb="0x1C1C1C" alpha="100" stop="0" />
              </colors>
            </fill>
          </color>
          <color name="thumb_inner">
            <fill type="linear" rotation="90">
              <colors>
                <color rgb="0x5A5A5A" alpha="100" stop="0" />
              </colors>
            </fill>
          </color>
          <color name="thumb_bg">
            <fill type="linear" rotation="90">
              <colors>
                <color rgb="0x4C4C4C" alpha="100" stop="0" />
              </colors>
            </fill>
          </color>
          <color name="slider_border">
            <fill type="linear" rotation="90">
              <colors>
                <color rgb="0x494949" alpha="100" stop="0" />
              </colors>
            </fill>
          </color>
          <color name="slider_bg">
            <fill type="linear" rotation="90">
              <colors>
                <color rgb="0x313131" alpha="100" stop="0" />
              </colors>
            </fill>
          </color>
        </group_colors>
      </color_group>
    </colorscheme>
  </colorschemes>
  <string_tables>
    <string_table name="npnxnanbnsnfns00001100101">
      <string id="acc_active">aktiv</string>
      <string id="check_include">Überprüfen</string>
      <string id="clear">Löschen</string>
      <string id="close">Schließen</string>
      <string id="acc_closed_captions">Geschlossene Untertitel. Drücken Sie die Leertaste, um die Untertitel an- und oder auszuschalten.</string>
      <string id="continue">Fortfahren</string>
      <string id="continueresponsive">Fortfahren</string>
      <string id="exit">Verlassen</string>
      <string id="filter">Filter</string>
      <string id="finish">BEENDEN</string>
      <string id="acc_finish">beenden</string>
      <string id="definition">Definition</string>
      <string id="acc_definition">definition</string>
      <string id="glossary">Glossar</string>
      <string id="terms">Begriffe</string>
      <string id="outline">Menü</string>
      <string id="disabled_orientation">Bitte drehen Sie das Gerät</string>
      <string id="next">WEITER</string>
      <string id="acc_next">nächste</string>
      <string id="transcript_chk">Transkript</string>
      <string id="transcript">Transkript</string>
      <string id="bio">Bio</string>
      <string id="more_info">Weitere Informationen</string>
      <string id="closed_captions">Untertitel</string>
      <string id="acc_pause">pause</string>
      <string id="acc_play">spielen</string>
      <string id="send_an_email">E-Mail senden</string>
      <string id="prev">ZURÜCK</string>
      <string id="acc_previous">vorherigen</string>
      <string id="question_list">Liste der Fragen</string>
      <string id="acc_replay">erneute wiedergabe</string>
      <string id="resources">Ressourcen</string>
      <string id="acc_resources">ressourcen</string>
      <string id="restart">Neustart</string>
      <string id="resume">Fortsetzen</string>
      <string id="search">Suche...</string>
      <string id="acc_search_input">suche</string>
      <string id="search_in">Suche in:</string>
      <string id="search_results">Suchergebnisse</string>
      <string id="acc_skipnavigation">Navigation überspringen. Eingabetaste drücken, um zur Folie zurückzukehren.</string>
      <string id="slide_text_chk">Folientext</string>
      <string id="submitall">ALLES SENDEN</string>
      <string id="acc_submitall">alles senden</string>
      <string id="submit">SENDEN</string>
      <string id="acc_submit">senden</string>
      <string id="acc_volume">Lautstärke</string>
    </string_table>
  </string_tables>
  <fonts>
    <font name="Open Sans">
      <files>
        <file bold="true" italic="false" />
        <file bold="false" italic="false" />
      </files>
    </font>
    <font name="Arial">
      <files>
        <file bold="false" italic="false" />
      </files>
    </font>
  </fonts>
  <sounds enabled="true" />
  <nav_data>
    <outline>
      <links>
        <slidelink slideid="_player.6g54PZ4GDik.6YnlMHqZbUv" displaytext="Einführung" expand="false" type="slide" />
        <slidelink slideid="_player.6LvBXuRLA0L.5uUNpZCmrLw" displaytext="Wieso DEAL?" expand="false" type="slide" />
        <slidelink slideid="_player.5VF3T9pANRp.63Aat9fX93U" displaytext="DEAL-Kultur" expand="false" type="slide" />
        <slidelink slideid="_player.6VlKTX2Rift.6Y57LPwmGE4" displaytext="Prozessüberblick" expand="false" type="slide" />
        <slidelink slideid="_player.5icqmUUd2WD.65uoHhsxDf2" displaytext="DEAL Systemgrundlagen" expand="false" type="slide" />
        <slidelink slideid="_player.6BZYIJ6tVqx.6q1nAWfQJy0" displaytext="Kernprozesse im Detail" expand="false" type="slide">
          <links>
            <slidelink slideid="_player.6BZYIJ6tVqx.6dLsWC3y7kW" displaytext="Lead" expand="false" type="slide" />
            <slidelink slideid="_player.6BZYIJ6tVqx.6aFtRRhM9a1" displaytext="Opportunity" expand="false" type="slide" />
            <slidelink slideid="_player.6BZYIJ6tVqx.6Pmvf1N7jlf" displaytext="Engagement" expand="false" type="slide" />
          </links>
        </slidelink>
        <slidelink slideid="_player.639U0zoNdH5.6NO2yj3rq3F" displaytext="Unterstützende Prozesse" expand="false" type="slide">
          <links>
            <slidelink slideid="_player.639U0zoNdH5.5pmbzb8k0t3" displaytext="Account &amp; Contact" expand="false" type="slide" />
            <slidelink slideid="_player.639U0zoNdH5.6nDfaE90svT" displaytext="Target Groups" expand="false" type="slide" />
          </links>
        </slidelink>
        <slidelink slideid="_player.6QZyDwG9MB2.6Zy9vuWXWjC" displaytext="Datenschutz in DEAL" expand="false" type="slide" />
        <slidelink slideid="_player.65v6mKopIwu.5raZQVGid5X" displaytext="Abschlusstest" expand="false" type="slide" />
        <slidelink slideid="_player.5dgcXBl7DxE.5kJvDoZwz3O" displaytext="Ende" expand="false" type="slide" />
      </links>
    </outline>
  </nav_data>
  <resource_data description="&lt;p align='left'&gt;&lt;font face='Open Sans' style='font-size: 11px;' size='11' color='#FFFFFF'&gt;Hier findest Du n&amp;#252;tzliche zus&amp;#228;tzliche Dokumente&lt;/font&gt;&lt;/p&gt;">
    <resources>
      <resource url="story_content/external_files/DEAL_Training_DSGVO.pdf" image="story_content/5ZHd8p1aDYG.png" title="Datenschutzgrundverordnung (DSGVO)" />
      <resource url="story_content/external_files/DEAL_Training_QRM.pdf" image="story_content/5gUUQADknZh.png" title="Quality Risk Management (QRM)" />
      <resource url="story_content/external_files/DEAL_Training_Chrome Installation.pdf" image="story_content/5t4b3AKMuWX.png" title="Google Chrome Installationsanleitung" />
    </resources>
  </resource_data>
  <transcript_data>
    <slidetranscripts>
      <slidetranscript slideid="6g54PZ4GDik.6OByLXsFqeL" slidebank="false" type="slide" noteswf="" notespng="" pathlib="Lib" pathindex="0">&lt;html&gt;&lt;p align='left' style='text-align:left;direction: ltr; padding-left: 0px'&gt;&lt;textformat leading='0' tabstops='[0, 48, 96, 144, 192, 240]'&gt;&lt;font face='Open Sans' size='12.5pt' style="font-size:12.5pt;" color='#ffffff'&gt;Voice over:&lt;/font&gt;&lt;/textformat&gt;&lt;/p&gt;&lt;p align='left' style='text-align:left;direction: ltr; padding-left: 0px'&gt;&lt;textformat leading='0' tabstops='[0, 48, 96, 144, 192, 240]'&gt;&lt;font face='Open Sans' size='12.5pt' style="font-size:12.5pt;" color='#ffffff'&gt;&lt;b&gt;DEAL – Unser System zum Management der Deloitte-Kundenbeziehungen&lt;/b&gt;&lt;/font&gt;&lt;/textformat&gt;&lt;/p&gt;&lt;p align='left' style='text-align:left;direction: ltr; padding-left: 0px'&gt;&lt;textformat leading='0' tabstops='[0, 48, 96, 144, 192, 240]'&gt;&lt;/textformat&gt;&lt;/p&gt;&lt;p align='left' style='text-align:left;direction: ltr; padding-left: 0px'&gt;&lt;textformat leading='0' tabstops='[0, 48, 96, 144, 192, 240]'&gt;&lt;font face='Open Sans' size='12.5pt' style="font-size:12.5pt;" color='#ffffff'&gt;Durch eine vereinfachte Bedienung unseres &lt;/font&gt;&lt;font face='Open Sans' size='12.5pt' style="font-size:12.5pt;" color='#ffffff'&gt;&lt;b&gt;Customer Relationship Management-Systems &lt;/b&gt;&lt;/font&gt;&lt;font face='Open Sans' size='12.5pt' style="font-size:12.5pt;" color='#ffffff'&gt;(CRM-System), neue Funktionalit&amp;#228;ten und vereinheitlichte gesch&amp;#228;ftsbereichs-&amp;#252;bergreifende Prozesse haben wir einen besseren &amp;#220;berblick &amp;#252;ber unsere Kundenkontakte und k&amp;#246;nnen gezielter auf die Bed&amp;#252;rfnisse unserer Kunden eingehen.&lt;/font&gt;&lt;/textformat&gt;&lt;/p&gt;&lt;/html&gt;</slidetranscript>
      <slidetranscript slideid="630S8WSx9CH.5yEucIVYi0R" slidebank="false" type="slide" noteswf="" notespng="" pathlib="Lib" pathindex="1">&lt;html&gt;&lt;p align='left' style='text-align:left;direction: ltr; padding-left: 0px'&gt;&lt;textformat leading='0' tabstops='[0, 48, 96, 144, 192, 240]'&gt;&lt;font face='Open Sans' size='12.5pt' style="font-size:12.5pt;" color='#ffffff'&gt;Wir starten am Flughafen. Die Direktorin Eva ist gerade auf dem Weg zu einem Meeting mit Herrn Mayer, einem wichtigen Automobilkunden der BVD AG. Der Kunde hat kurzfristig um einen Termin zum Thema Cyber Security gebeten, um mal zu h&amp;#246;ren, was Deloitte in diesem Bereich anbietet. W&amp;#228;hrend sie am Flughafen aufs Boarding wartet, checkt Eva die letzten Kundenaktivit&amp;#228;ten in DEAL.&lt;/font&gt;&lt;/textformat&gt;&lt;/p&gt;&lt;/html&gt;</slidetranscript>
      <slidetranscript slideid="630S8WSx9CH.5wBJcKmJ5HA" slidebank="false" type="slide" noteswf="" notespng="" pathlib="Lib" pathindex="2">&lt;html&gt;&lt;p align='left' style='text-align:left;direction: ltr; padding-left: 0px'&gt;&lt;textformat leading='0' tabstops='[0, 48, 96, 144, 192, 240]'&gt;&lt;font face='Open Sans' size='12.5pt' style="font-size:12.5pt;" color='#ffffff'&gt;Eva sieht, dass Herr Mayer vor zwei Wochen auf dem Cyber Security Summit war und dort mit Mark gesprochen hat, der als Business Developer f&amp;#252;r den Account zust&amp;#228;ndig ist.&lt;/font&gt;&lt;/textformat&gt;&lt;/p&gt;&lt;p align='left' style='text-align:left;direction: ltr; padding-left: 0px'&gt;&lt;textformat leading='0' tabstops='[0, 48, 96, 144, 192, 240]'&gt;&lt;font face='Open Sans' size='12.5pt' style="font-size:12.5pt;" color='#ffffff'&gt;Sie beschlie&amp;#223;t, sich &amp;#252;ber Chatter seine pers&amp;#246;nliche Einsch&amp;#228;tzung zu holen.&lt;/font&gt;&lt;/textformat&gt;&lt;/p&gt;&lt;/html&gt;</slidetranscript>
      <slidetranscript slideid="630S8WSx9CH.6ReWP0SnPXA" slidebank="false" type="slide" noteswf="" notespng="" pathlib="Lib" pathindex="3">&lt;html&gt;&lt;p align='left' style='text-align:left;direction: ltr; padding-left: 0px'&gt;&lt;textformat leading='0' tabstops='[0, 48, 96, 144, 192, 240]'&gt;&lt;font face='Open Sans' size='12.5pt' style="font-size:12.5pt;" color='#ffffff'&gt;Eva bedankt sich bei Mark und begibt sich zum Boarding.&lt;/font&gt;&lt;/textformat&gt;&lt;/p&gt;&lt;p align='left' style='text-align:left;direction: ltr; padding-left: 0px'&gt;&lt;textformat leading='0' tabstops='[0, 48, 96, 144, 192, 240]'&gt;&lt;font face='Open Sans' size='12.5pt' style="font-size:12.5pt;" color='#ffffff'&gt;Sie und Herr Mayer hatten ein erfolgreiches Meeting und haben sich zur Cyber Security bei der BVD AG ausgetauscht. Sein neuer Data Security Lead Martina Schmitt war auch mit im Gespr&amp;#228;ch dabei. Herrn Mayer hat unser Marktangebot im Bereich Cyber Security sehr angesprochen. Eva plant auf dem R&amp;#252;ckweg im Taxi, was sinnvolle n&amp;#228;chste Schritte sind.&lt;/font&gt;&lt;/textformat&gt;&lt;/p&gt;&lt;p align='left' style='text-align:left;direction: ltr; padding-left: 0px'&gt;&lt;textformat leading='0' tabstops='[0, 48, 96, 144, 192, 240]'&gt;&lt;font face='Open Sans' size='12.5pt' style="font-size:12.5pt;" color='#ffffff'&gt;Eva ist zufrieden mit dem Meeting und m&amp;#246;chte das Thema an Mark weitergeben. &lt;/font&gt;&lt;/textformat&gt;&lt;/p&gt;&lt;p align='left' style='text-align:left;direction: ltr; padding-left: 0px'&gt;&lt;textformat leading='0' tabstops='[0, 48, 96, 144, 192, 240]'&gt;&lt;font face='Open Sans' size='12.5pt' style="font-size:12.5pt;" color='#ffffff'&gt;Sie scannt Frau Schmitts Visitenkarte direkt &amp;#252;bers Handy, erstellt in DEAL eine Aufgabe f&amp;#252;r Mark, ein weiteres Kundenmeeting aufzusetzen, legt einen neuen Lead an und speichert sich Notizen zum Gespr&amp;#228;ch in DEAL. &lt;/font&gt;&lt;/textformat&gt;&lt;/p&gt;&lt;/html&gt;</slidetranscript>
      <slidetranscript slideid="630S8WSx9CH.6ZZMTo8hc03" slidebank="false" type="slide" noteswf="" notespng="" pathlib="Lib" pathindex="4">&lt;html&gt;&lt;p align='left' style='text-align:left;direction: ltr; padding-left: 0px'&gt;&lt;textformat leading='0' tabstops='[0, 48, 96, 144, 192, 240]'&gt;&lt;font face='Open Sans' size='12.5pt' style="font-size:12.5pt;" color='#ffffff'&gt;Das zweite Kundenmeeting lief auch gut und Deloitte liegt mittlerweile der Request for Proposal (RfP) der BVD AG zur Unterst&amp;#252;tzung bei der Umsetzung der neuen Cyber Security Strategie vor. Aus dem Lead ist mittlerweile eine qualifizierte Opportunity geworden. &lt;/font&gt;&lt;/textformat&gt;&lt;/p&gt;&lt;/html&gt;</slidetranscript>
      <slidetranscript slideid="6fbSDqRHJ01.64vXfTV3iF7" slidebank="false" type="slide" noteswf="" notespng="" pathlib="Lib" pathindex="5">&lt;html&gt;&lt;p align='left' style='text-align:left;direction: ltr; padding-left: 0px'&gt;&lt;textformat leading='0' tabstops='[0, 48, 96, 144, 192, 240]'&gt;&lt;font face='Open Sans' size='12.5pt' style="font-size:12.5pt;" color='#ffffff'&gt;Deloitte hat k&amp;#252;rzlich eine neue Studie zu Predictive Analytics in der Automobilbranche ver&amp;#246;ffentlicht. Senior Manager Gregor m&amp;#246;chte dies gerne mit seiner Kundin Lynda, die bei einem gr&amp;#246;&amp;#223;eren bayerischen Automobilkonzern arbeitet, teilen. Gregor schickt die Studie nun direkt an Lynda, da die beiden ein gutes Verh&amp;#228;ltnis haben und er ihr beim letzten Meeting mitgeteilt hat, dass er interessante Informationen f&amp;#252;r sie h&amp;#228;tte. Er vermutet, dass er sich damit erneut in seiner Rolle als Berater bei Lynda beweisen kann.&lt;/font&gt;&lt;/textformat&gt;&lt;/p&gt;&lt;p align='left' style='text-align:left;direction: ltr; padding-left: 0px'&gt;&lt;textformat leading='0' tabstops='[0, 48, 96, 144, 192, 240]'&gt;&lt;font face='Open Sans' size='12.5pt' style="font-size:12.5pt;" color='#ffffff'&gt;Lynda reagiert allerdings anders als erwartet…&lt;/font&gt;&lt;/textformat&gt;&lt;/p&gt;&lt;/html&gt;</slidetranscript>
      <slidetranscript slideid="6TwmhYDz51n.6MyKd3nlhOW" slidebank="false" type="slide" noteswf="" notespng="" pathlib="Lib" pathindex="6">&lt;html&gt;&lt;p align='left' style='text-align:left;direction: ltr; padding-left: 0px'&gt;&lt;textformat leading='0' tabstops='[0, 48, 96, 144, 192, 240]'&gt;&lt;font face='Open Sans' size='12.5pt' style="font-size:12.5pt;" color='#ffffff'&gt;Lisa ist Senior Managerin und hat gerade von ihrem Kunden eine Aufforderung zur Angebotserstellung zum Thema Compliance erhalten, einen sogenannten RfP. Sie erstellt direkt eine neue Opportunity in DEAL.&lt;/font&gt;&lt;/textformat&gt;&lt;/p&gt;&lt;p align='left' style='text-align:left;direction: ltr; padding-left: 0px'&gt;&lt;textformat leading='0' tabstops='[0, 48, 96, 144, 192, 240]'&gt;&lt;/textformat&gt;&lt;/p&gt;&lt;p align='left' style='text-align:left;direction: ltr; padding-left: 0px'&gt;&lt;textformat leading='0' tabstops='[0, 48, 96, 144, 192, 240]'&gt;&lt;font face='Open Sans' size='12.5pt' style="font-size:12.5pt;" color='#ffffff'&gt;Au&amp;#223;erdem sucht sie in DEAL nach Opportunities mit gleichem Produkt. Auf einer Opportunity sieht sie die Verlinkung zu der Referenz auf KX. Dort kann sie wertvolle Ergebnisse einsehen, die ihr f&amp;#252;r ihr Angebot helfen.&lt;/font&gt;&lt;/textformat&gt;&lt;/p&gt;&lt;/html&gt;</slidetranscript>
      <slidetranscript slideid="6VlKTX2Rift.5Y10XAKltVp" slidebank="false" type="slide" noteswf="" notespng="" pathlib="Lib" pathindex="7">&lt;html&gt;&lt;p align='left' style='text-align:left;direction: ltr; padding-left: 0px'&gt;&lt;textformat leading='0' tabstops='[0, 48, 96, 144, 192, 240]'&gt;&lt;font face='Open Sans' size='12.5pt' style="font-size:12.5pt;" color='#ffffff'&gt;Die DEAL-Kernprozesse decken den gesamten Kundenlebenszyklus von Lead bis Loyalty ab. Wir starten beim Lead.&lt;/font&gt;&lt;/textformat&gt;&lt;/p&gt;&lt;p align='left' style='text-align:left;direction: ltr; padding-left: 0px'&gt;&lt;textformat leading='0' tabstops='[0, 48, 96, 144, 192, 240]'&gt;&lt;/textformat&gt;&lt;/p&gt;&lt;p align='left' style='text-align:left;direction: ltr; padding-left: 0px'&gt;&lt;textformat leading='0' tabstops='[0, 48, 96, 144, 192, 240]'&gt;&lt;font face='Open Sans' size='12.5pt' style="font-size:12.5pt;" color='#ffffff'&gt;Ein Lead wird erst identifiziert, dann mit Informationen angereichert, bevor er letztendlich in einen Account, einen Contact und eine Opportunity konvertiert werden kann.&lt;/font&gt;&lt;/textformat&gt;&lt;/p&gt;&lt;p align='left' style='text-align:left;direction: ltr; padding-left: 0px'&gt;&lt;textformat leading='0' tabstops='[0, 48, 96, 144, 192, 240]'&gt;&lt;/textformat&gt;&lt;/p&gt;&lt;p align='left' style='text-align:left;direction: ltr; padding-left: 0px'&gt;&lt;textformat leading='0' tabstops='[0, 48, 96, 144, 192, 240]'&gt;&lt;font face='Open Sans' size='12.5pt' style="font-size:12.5pt;" color='#ffffff'&gt;Eine Opportunity wird erst identifiziert, kontaktiert, dann qualifiziert, bevor wir ein Angebot abgeben und die Opportunity letztendlich hoffentlich auch gewinnen.&lt;/font&gt;&lt;/textformat&gt;&lt;/p&gt;&lt;p align='left' style='text-align:left;direction: ltr; padding-left: 0px'&gt;&lt;textformat leading='0' tabstops='[0, 48, 96, 144, 192, 240]'&gt;&lt;/textformat&gt;&lt;/p&gt;&lt;p align='left' style='text-align:left;direction: ltr; padding-left: 0px'&gt;&lt;textformat leading='0' tabstops='[0, 48, 96, 144, 192, 240]'&gt;&lt;font face='Open Sans' size='12.5pt' style="font-size:12.5pt;" color='#ffffff'&gt;Ein Engagement wird erst erstellt, dann durchgef&amp;#252;hrt, ggf. mit weiteren kleineren Auftr&amp;#228;gen oder &amp;#196;nderungen erweitert und schlie&amp;#223;lich beendet.&lt;/font&gt;&lt;/textformat&gt;&lt;/p&gt;&lt;p align='left' style='text-align:left;direction: ltr; padding-left: 0px'&gt;&lt;textformat leading='0' tabstops='[0, 48, 96, 144, 192, 240]'&gt;&lt;/textformat&gt;&lt;/p&gt;&lt;p align='left' style='text-align:left;direction: ltr; padding-left: 0px'&gt;&lt;textformat leading='0' tabstops='[0, 48, 96, 144, 192, 240]'&gt;&lt;font face='Open Sans' size='12.5pt' style="font-size:12.5pt;" color='#ffffff'&gt;Was passiert, nachdem wir ein Engagement erfolgreich absolviert haben? Wir legen alles daran, langfristig erfolgreiche und fruchtbare Kundenbeziehungen aufzubauen, d.h. holen bspw. Kundenfeedback ein, verwalten Alumni etc.&lt;/font&gt;&lt;/textformat&gt;&lt;/p&gt;&lt;p align='left' style='text-align:left;direction: ltr; padding-left: 0px'&gt;&lt;textformat leading='0' tabstops='[0, 48, 96, 144, 192, 240]'&gt;&lt;/textformat&gt;&lt;/p&gt;&lt;p align='left' style='text-align:left;direction: ltr; padding-left: 0px'&gt;&lt;textformat leading='0' tabstops='[0, 48, 96, 144, 192, 240]'&gt;&lt;font face='Open Sans' size='12.5pt' style="font-size:12.5pt;" color='#ffffff'&gt;Die unteren Bl&amp;#246;cke stellen unterst&amp;#252;tzende Prozesse dar, die nebenbei im Hintergrund laufen. Dabei handelt es sich zus&amp;#228;tzlich um Prozesse in den Bereichen Marketing, Independence &amp;amp; Risk, Data Management und Cross Processes.&lt;/font&gt;&lt;/textformat&gt;&lt;/p&gt;&lt;/html&gt;</slidetranscript>
      <slidetranscript slideid="6BZYIJ6tVqx.6Q2Eds4MbXh" slidebank="false" type="slide" noteswf="" notespng="" pathlib="Lib" pathindex="8">&lt;html&gt;&lt;p align='left' style='text-align:left;direction: ltr; padding-left: 0px'&gt;&lt;textformat leading='0' tabstops='[0, 48, 96, 144, 192, 240]'&gt;&lt;font face='Open Sans' size='12.5pt' style="font-size:12.5pt;" color='#ffffff'&gt;Anhand eines Fallbeispiels erh&amp;#228;ltst Du einen &amp;#220;berblick &amp;#252;ber die wichtigsten Genehmigungsprozesse in DEAL. Wir zeigen Dir auch, wo manuelle Schritte notwendig sind und welche Schritte automatisch im System ablaufen.&lt;/font&gt;&lt;/textformat&gt;&lt;/p&gt;&lt;p align='left' style='text-align:left;direction: ltr; padding-left: 0px'&gt;&lt;textformat leading='0' tabstops='[0, 48, 96, 144, 192, 240]'&gt; &lt;/textformat&gt;&lt;/p&gt;&lt;p align='left' style='text-align:left;direction: ltr; padding-left: 0px'&gt;&lt;textformat leading='0' tabstops='[0, 48, 96, 144, 192, 240]'&gt;&lt;font face='Open Sans' size='12.5pt' style="font-size:12.5pt;" color='#ffffff'&gt;Wir betrachten das Fallbeispiel unseres Kunden BVD AG mit unserem Lead Client Service Partner J&amp;#252;rgen und dem Chief Digital Officer der BVD AG, Thomas Albrecht. Insgesamt durchl&amp;#228;uft die Opportunity drei Genehmigungsprozesse, bevor sie in ein Engagement umgewandelt wird. Diese drei Business-Genehmigungsprozesse sind alle im System abgebildet. So ist eindeutig dokumentiert und zentral einsehbar, welche Genehmigungen noch offen sind. Wir vermeiden damit auch, Genehmigungen &amp;#252;ber mehrere Kan&amp;#228;le wie z.B. Telefon oder E-Mail einholen zu m&amp;#252;ssen. J&amp;#252;rgen und seine Assistentin wissen also immer Bescheid, von welcher Kollegin/welchem Kollegen noch eine Genehmigung aussteht.&lt;/font&gt;&lt;/textformat&gt;&lt;/p&gt;&lt;p align='left' style='text-align:left;direction: ltr; padding-left: 0px'&gt;&lt;textformat leading='0' tabstops='[0, 48, 96, 144, 192, 240]'&gt;&lt;/textformat&gt;&lt;/p&gt;&lt;p align='left' style='text-align:left;direction: ltr; padding-left: 9px'&gt;&lt;textformat leading='0' tabstops='[0, 9, 48, 96, 144, 192, 240]'&gt;&lt;font face='Arial' size='12.5pt' style="font-size:12.5pt;display: inline-block; text-align:left; min-width: 9px; margin-left: -9px;" color='#ffffff'&gt;•&lt;/font&gt;&lt;font face='Open Sans' size='12.5pt' style="font-size:12.5pt;" color='#ffffff'&gt;Nach einigen Vorgespr&amp;#228;chen hat J&amp;#252;rgen, der als Opportunity Partner fungiert, mittlerweile die Opportunity manuell in DEAL auf „Contacted“ gesetzt. &lt;/font&gt;&lt;/textformat&gt;&lt;/p&gt;&lt;p align='left' style='text-align:left;direction: ltr; padding-left: 9px'&gt;&lt;textformat leading='0' tabstops='[0, 9, 48, 96, 144, 192, 240]'&gt;&lt;/textformat&gt;&lt;/p&gt;&lt;p align='left' style='text-align:left;direction: ltr; padding-left: 9px'&gt;&lt;textformat leading='0' tabstops='[0, 9, 48, 96, 144, 192, 240]'&gt;&lt;font face='Arial' size='12.5pt' style="font-size:12.5pt;display: inline-block; text-align:left; min-width: 9px; margin-left: -9px;" color='#ffffff'&gt;•&lt;/font&gt;&lt;font face='Open Sans' size='12.5pt' style="font-size:12.5pt;" color='#ffffff'&gt;Nun geht &amp;#252;ber Thomas ein RfP im Namen der BVD AG ein. Der RfP fordert auf, ein Angebot zum Thema Cloud Solutions abzugeben. Bevor J&amp;#252;rgen ein Angebot abgeben darf, muss ein erster Genehmigungsprozess, der sogenannte „Decision to Bid“-Prozess, &amp;#252;ber mehrere Genehmiger im Business durchlaufen werden.&lt;/font&gt;&lt;/textformat&gt;&lt;/p&gt;&lt;p align='left' style='text-align:left;direction: ltr; padding-left: 9px'&gt;&lt;textformat leading='0' tabstops='[0, 9, 48, 96, 144, 192, 240]'&gt;&lt;/textformat&gt;&lt;/p&gt;&lt;p align='left' style='text-align:left;direction: ltr; padding-left: 9px'&gt;&lt;textformat leading='0' tabstops='[0, 9, 48, 96, 144, 192, 240]'&gt;&lt;font face='Arial' size='12.5pt' style="font-size:12.5pt;display: inline-block; text-align:left; min-width: 9px; margin-left: -9px;" color='#ffffff'&gt;•&lt;/font&gt;&lt;font face='Open Sans' size='12.5pt' style="font-size:12.5pt;" color='#ffffff'&gt;Um den „Decision to Bid“-Prozess, also diesen ersten von drei Genehmigungsprozessen, zu starten, muss J&amp;#252;rgen ein Risk Assessment in DEAL erstellen. Danach kann er selbst oder seine Assistentin als Opportunity Admin auf der entsprechenden Opportunity manuell den Knopf „Start Workflow“ klicken.&lt;/font&gt;&lt;/textformat&gt;&lt;/p&gt;&lt;p align='left' style='text-align:left;direction: ltr; padding-left: 9px'&gt;&lt;textformat leading='0' tabstops='[0, 9, 48, 96, 144, 192, 240]'&gt;&lt;/textformat&gt;&lt;/p&gt;&lt;p align='left' style='text-align:left;direction: ltr; padding-left: 9px'&gt;&lt;textformat leading='0' tabstops='[0, 9, 48, 96, 144, 192, 240]'&gt;&lt;font face='Arial' size='12.5pt' style="font-size:12.5pt;display: inline-block; text-align:left; min-width: 9px; margin-left: -9px;" color='#ffffff'&gt;•&lt;/font&gt;&lt;font face='Open Sans' size='12.5pt' style="font-size:12.5pt;" color='#ffffff'&gt;Direkt nach der ersten Zustimmung durch den Opportunity Partner, dem ersten Genehmiger im Prozessfluss, wird automatisch ein Opportunity Time Code erstellt. Damit ist das Anlegen von r&amp;#252;ckdatierten Opportunities auch nicht mehr notwendig!&lt;/font&gt;&lt;/textformat&gt;&lt;/p&gt;&lt;p align='left' style='text-align:left;direction: ltr; padding-left: 9px'&gt;&lt;textformat leading='0' tabstops='[0, 9, 48, 96, 144, 192, 240]'&gt;&lt;/textformat&gt;&lt;/p&gt;&lt;p align='left' style='text-align:left;direction: ltr; padding-left: 9px'&gt;&lt;textformat leading='0' tabstops='[0, 9, 48, 96, 144, 192, 240]'&gt;&lt;font face='Arial' size='12.5pt' style="font-size:12.5pt;display: inline-block; text-align:left; min-width: 9px; margin-left: -9px;" color='#ffffff'&gt;•&lt;/font&gt;&lt;font face='Open Sans' size='12.5pt' style="font-size:12.5pt;" color='#ffffff'&gt;Wenn nun der „Decision to Bid“-Prozess erfolgreich durchlaufen ist, setzt das System die Opportunity automatisch auf „Qualified“ und DEAL st&amp;#246;&amp;#223;t den Conflict Check an. Das ist eine Neuerung, mit der hier keine Zeit verloren geht. J&amp;#252;rgen und seine Assistentin k&amp;#246;nnen sich auf Wichtigeres konzentrieren! W&amp;#228;hrend der Conflict Check l&amp;#228;uft, kann J&amp;#252;rgen schon sein Angebot erstellen.&lt;/font&gt;&lt;/textformat&gt;&lt;/p&gt;&lt;/html&gt;</slidetranscript>
      <slidetranscript slideid="6BZYIJ6tVqx.5rTihW6Agdt" slidebank="false" type="slide" noteswf="" notespng="" pathlib="Lib" pathindex="9">&lt;html&gt;&lt;p align='left' style='text-align:left;direction: ltr; padding-left: 0px'&gt;&lt;textformat leading='0' tabstops='[0, 48, 96, 144, 192, 240]'&gt;&lt;font face='Open Sans' size='12.5pt' style="font-size:12.5pt;" color='#ffffff'&gt;Wir sind mittlerweile weiter im Verkaufszyklus: Das Angebot wurde durch J&amp;#252;rgen und sein Opportunity Team erstellt, der Conflict Check ist mittlerweile auch durchlaufen.&lt;/font&gt;&lt;/textformat&gt;&lt;/p&gt;&lt;p align='left' style='text-align:left;direction: ltr; padding-left: 0px'&gt;&lt;textformat leading='0' tabstops='[0, 48, 96, 144, 192, 240]'&gt;&lt;/textformat&gt;&lt;/p&gt;&lt;p align='left' style='text-align:left;direction: ltr; padding-left: 0px'&gt;&lt;textformat leading='0' tabstops='[0, 48, 96, 144, 192, 240]'&gt;&lt;font face='Open Sans' size='12.5pt' style="font-size:12.5pt;" color='#ffffff'&gt;Bevor das Angebot jedoch zu Thomas gesendet werden kann, ben&amp;#246;tigt es einen internen Genehmigungsprozess, den sogenannten „Proposal &amp;amp; Pricing“-Prozess.&lt;/font&gt;&lt;/textformat&gt;&lt;/p&gt;&lt;p align='left' style='text-align:left;direction: ltr; padding-left: 0px'&gt;&lt;textformat leading='0' tabstops='[0, 48, 96, 144, 192, 240]'&gt;&lt;/textformat&gt;&lt;/p&gt;&lt;p align='left' style='text-align:left;direction: ltr; padding-left: 0px'&gt;&lt;textformat leading='0' tabstops='[0, 48, 96, 144, 192, 240]'&gt;&lt;font face='Open Sans' size='12.5pt' style="font-size:12.5pt;" color='#ffffff'&gt;Hierf&amp;#252;r ist es wieder notwendig, dass J&amp;#252;rgen manuell auf den Knopf „Start Workflow“ klickt.&lt;/font&gt;&lt;/textformat&gt;&lt;/p&gt;&lt;p align='left' style='text-align:left;direction: ltr; padding-left: 0px'&gt;&lt;textformat leading='0' tabstops='[0, 48, 96, 144, 192, 240]'&gt;&lt;/textformat&gt;&lt;/p&gt;&lt;p align='left' style='text-align:left;direction: ltr; padding-left: 0px'&gt;&lt;textformat leading='0' tabstops='[0, 48, 96, 144, 192, 240]'&gt;&lt;font face='Open Sans' size='12.5pt' style="font-size:12.5pt;" color='#ffffff'&gt;Wenn alle Genehmiger aus dem Business wiederum zugestimmt haben, setzt DEAL die Opportunity automatisch auf „Proposed“ &lt;/font&gt;&lt;/textformat&gt;&lt;/p&gt;&lt;p align='left' style='text-align:left;direction: ltr; padding-left: 0px'&gt;&lt;textformat leading='0' tabstops='[0, 48, 96, 144, 192, 240]'&gt;&lt;/textformat&gt;&lt;/p&gt;&lt;p align='left' style='text-align:left;direction: ltr; padding-left: 0px'&gt;&lt;textformat leading='0' tabstops='[0, 48, 96, 144, 192, 240]'&gt;&lt;font face='Open Sans' size='12.5pt' style="font-size:12.5pt;" color='#ffffff'&gt;Anschlie&amp;#223;end kann das Angebot abgegeben werden.&lt;/font&gt;&lt;/textformat&gt;&lt;/p&gt;&lt;/html&gt;</slidetranscript>
      <slidetranscript slideid="6BZYIJ6tVqx.5iRBcdi8667" slidebank="false" type="slide" noteswf="" notespng="" pathlib="Lib" pathindex="10">&lt;html&gt;&lt;p align='left' style='text-align:left;direction: ltr; padding-left: 0px'&gt;&lt;textformat leading='0' tabstops='[0, 48, 96, 144, 192, 240]'&gt;&lt;font face='Open Sans' size='12.5pt' style="font-size:12.5pt;" color='#ffffff'&gt;Der Verkaufszyklus hat sich wieder weiterbewegt und J&amp;#252;rgens Angebot hat Thomas gefallen. J&amp;#252;rgen und sein Team wurden zu den Orals eingeladen und konnten auch hier &amp;#252;berzeugen - die Vertragsverhandlungen laufen los.&lt;/font&gt;&lt;/textformat&gt;&lt;/p&gt;&lt;p align='left' style='text-align:left;direction: ltr; padding-left: 0px'&gt;&lt;textformat leading='0' tabstops='[0, 48, 96, 144, 192, 240]'&gt;&lt;/textformat&gt;&lt;/p&gt;&lt;p align='left' style='text-align:left;direction: ltr; padding-left: 0px'&gt;&lt;textformat leading='0' tabstops='[0, 48, 96, 144, 192, 240]'&gt;&lt;font face='Open Sans' size='12.5pt' style="font-size:12.5pt;" color='#ffffff'&gt;Nach einiger Zeit konnten sich das Einkaufsteam der BVD AG und J&amp;#252;rgens Opportunity Team auf einen Vertrag einigen. Jetzt muss J&amp;#252;rgen noch die dritte und letzte Genehmigung einholen. Um dies zu tun, muss J&amp;#252;rgen zun&amp;#228;chst in DEAL eine „Win/Loss“-Analyse ausf&amp;#252;llen. Da er gewonnen hat, macht er dies mit Freude. Aber selbst wenn er die Opportunity verloren h&amp;#228;tte, w&amp;#228;re es gut f&amp;#252;r die Zukunft zu wissen, warum - vielleicht war sein Angebot durch die hohe Qualit&amp;#228;t ein wenig zu teuer f&amp;#252;r die BVD AG. Sobald J&amp;#252;rgen die Analyse in DEAL hinterlegt hat, kann er den letzten Genehmigungsprozess, den sogenannten „Contract-Approval“-Prozess, per Klick auf „Start Workflow“ manuell ansto&amp;#223;en.&lt;/font&gt;&lt;/textformat&gt;&lt;/p&gt;&lt;p align='left' style='text-align:left;direction: ltr; padding-left: 0px'&gt;&lt;textformat leading='0' tabstops='[0, 48, 96, 144, 192, 240]'&gt;&lt;/textformat&gt;&lt;/p&gt;&lt;p align='left' style='text-align:left;direction: ltr; padding-left: 0px'&gt;&lt;textformat leading='0' tabstops='[0, 48, 96, 144, 192, 240]'&gt;&lt;font face='Open Sans' size='12.5pt' style="font-size:12.5pt;" color='#ffffff'&gt;Liegen auch hier alle Genehmigungen vor, setzt DEAL die Opportunity in den Status „Won“ und konvertiert sie gleichzeitig in ein Engagement. Bevor es final mit dem Projekt zum Thema Cloud Solutions losgehen kann, muss ein zweiter und letzter Conflict Check durchgef&amp;#252;hrt werden. Dieser wird ebenso automatisch durch DEAL beim Konvertieren der Opportunity in das Engagement angesto&amp;#223;en. Wenn es keine Einw&amp;#228;nde durch das Conflict Team gibt, wird der Engagement Code automatisch erstellt: J&amp;#252;rgen und sein Projektteam k&amp;#246;nnen starten!&lt;/font&gt;&lt;/textformat&gt;&lt;/p&gt;&lt;p align='left' style='text-align:left;direction: ltr; padding-left: 0px'&gt;&lt;textformat leading='0' tabstops='[0, 48, 96, 144, 192, 240]'&gt;&lt;/textformat&gt;&lt;/p&gt;&lt;p align='left' style='text-align:left;direction: ltr; padding-left: 0px'&gt;&lt;textformat leading='0' tabstops='[0, 48, 96, 144, 192, 240]'&gt;&lt;font face='Open Sans' size='12.5pt' style="font-size:12.5pt;" color='#ffffff'&gt;Neben den gerade erl&amp;#228;uterten Genehmigungsprozessen f&amp;#252;r die Opportunity, gibt es in DEAL auch Genehmigungsprozesse, die beim Erstellen eines neuen Accounts durchlaufen werden m&amp;#252;ssen, um diesen zu qualifizieren (Status „Unqualified“ zu „Qualified“). Genauso, wenn wir z.B. mit einem Unternehmen eine Lieferantenbeziehung eingehen.&lt;/font&gt;&lt;/textformat&gt;&lt;/p&gt;&lt;p align='left' style='text-align:left;direction: ltr; padding-left: 0px'&gt;&lt;textformat leading='0' tabstops='[0, 48, 96, 144, 192, 240]'&gt;&lt;/textformat&gt;&lt;/p&gt;&lt;p align='left' style='text-align:left;direction: ltr; padding-left: 0px'&gt;&lt;textformat leading='0' tabstops='[0, 48, 96, 144, 192, 240]'&gt;&lt;font face='Open Sans' size='12.5pt' style="font-size:12.5pt;" color='#ffffff'&gt;Zu jedem dieser einzelnen Genehmigungsprozesse gibt es einen schematischen Prozessablauf. Diesen k&amp;#246;nnt Ihr oder Eure Partner und Direktoren, die die Genehmigungen erteilen, im eLearning bei weiteren Ressourcen finden. &lt;/font&gt;&lt;/textformat&gt;&lt;/p&gt;&lt;/html&gt;</slidetranscript>
      <slidetranscript slideid="6QZyDwG9MB2.6Ydrv8F3vr6" slidebank="false" type="slide" noteswf="" notespng="" pathlib="Lib" pathindex="11">&lt;html&gt;&lt;p align='left' style='text-align:left;direction: ltr; padding-left: 0px'&gt;&lt;textformat leading='0' tabstops='[0, 48, 96, 144, 192, 240]'&gt;&lt;font face='Open Sans' size='12.5pt' style="font-size:12.5pt;" color='#ffffff'&gt;Wir schauen uns anhand eines neu in DEAL angelegten Kontakts an, warum wir manche Kontakte f&amp;#252;r Marketingma&amp;#223;nahmen ansprechen k&amp;#246;nnen und andere nicht.&lt;/font&gt;&lt;/textformat&gt;&lt;/p&gt;&lt;p align='left' style='text-align:left;direction: ltr; padding-left: 0px'&gt;&lt;textformat leading='0' tabstops='[0, 48, 96, 144, 192, 240]'&gt;&lt;/textformat&gt;&lt;/p&gt;&lt;p align='left' style='text-align:left;direction: ltr; padding-left: 0px'&gt;&lt;textformat leading='0' tabstops='[0, 48, 96, 144, 192, 240]'&gt;&lt;font face='Open Sans' size='12.5pt' style="font-size:12.5pt;" color='#ffffff'&gt;Senior Managerin Sina hat einen pers&amp;#246;nlichen Kundenkontakt aus einem Projekt, der noch nicht in DEAL angelegt wurde. Sie legt diesen Kontakt jetzt in DEAL an. Sina kann lossto&amp;#223;en, dass der Kontakt eine E-Mail zur Anfrage des Double Opt-Ins von DEAL erh&amp;#228;lt. Mit dieser E-Mail kann der Kontakt best&amp;#228;tigen, dass Deloitte seine Daten verarbeiten und ihn zu Marketingma&amp;#223;nahmen ansprechen darf.&lt;/font&gt;&lt;/textformat&gt;&lt;/p&gt;&lt;p align='left' style='text-align:left;direction: ltr; padding-left: 0px'&gt;&lt;textformat leading='0' tabstops='[0, 48, 96, 144, 192, 240]'&gt;&lt;font face='Open Sans' size='12.5pt' style="font-size:12.5pt;" color='#ffffff'&gt;Tut er das nicht, erh&amp;#228;lt er noch zwei Reminder. Best&amp;#228;tigt er dann immer noch nicht, dass wir ihn ansprechen d&amp;#252;rfen, ist der Kontakt mit einer Werbesperre belegt, die nur noch durch BD Zentral aufgehoben werden kann. Andernfalls ist er nat&amp;#252;rlich f&amp;#252;r Marketing freigeschalten.&lt;/font&gt;&lt;/textformat&gt;&lt;/p&gt;&lt;p align='left' style='text-align:left;direction: ltr; padding-left: 0px'&gt;&lt;textformat leading='0' tabstops='[0, 48, 96, 144, 192, 240]'&gt;&lt;font face='Open Sans' size='12.5pt' style="font-size:12.5pt;" color='#ffffff'&gt;In wenigen Einzelf&amp;#228;llen m&amp;#246;chte Sina allerdings nicht, dass ihre Kontakte direkt nach der Anlage in DEAL aufgefordert werden, ihre Einwilligung f&amp;#252;r eine Marketingansprache zu geben. In diesen F&amp;#228;llen kann sie den Double Opt-In Block setzen und dies so verhindern.&lt;/font&gt;&lt;/textformat&gt;&lt;/p&gt;&lt;/html&gt;</slidetranscript>
    </slidetranscripts>
  </transcript_data>
  <glossary_data />
</bwFrame>